scenario,distribution,implementation,n,repetitions,operations,elapsed_ns_median,elapsed_ns_q1,elapsed_ns_q3,ns_per_op_median,ns_per_op_q1,ns_per_op_q3,height_median,height_q1,height_q3,estimated_bytes_median,speedup_vs_rbt
build,nearly_sorted,ordinary_bst,250,7,250.0,53333.0,53125.5,53708.5,213.332,212.502,214.834,238.0,238.0,239.0,16024.0,0.21328258301614386
build,nearly_sorted,ordinary_bst,500,7,500.0,145750.0,144687.5,146333.5,291.5,289.375,292.66700000000003,476.0,475.0,478.0,32024.0,0.10520068610634649
build,nearly_sorted,ordinary_bst,1000,7,1000.0,399541.0,398333.0,401792.0,399.541,398.33299999999997,401.79200000000003,954.0,954.0,955.5,64024.0,0.05527092338458381
build,nearly_sorted,ordinary_bst,2000,7,2000.0,1494166.0,1482542.0,1518000.0,747.083,741.271,759.0,1907.0,1904.5,1907.5,128024.0,0.032766104970933616
build,nearly_sorted,ordinary_bst,4000,7,4000.0,19887916.0,18354271.0,20076708.5,4971.979,4588.56775,5019.177125,3817.0,3816.5,3818.0,256024.0,0.004489711239729693
build,nearly_sorted,ordinary_bst,8000,7,8000.0,64419625.0,60609333.5,65919854.0,8052.453125,7576.1666875,8239.981749999999,7628.0,7625.5,7632.0,512024.0,0.0031731945040040207
build,nearly_sorted,red_black_tree,250,7,250.0,11375.0,11146.0,12062.0,45.5,44.584,48.248000000000005,13.0,13.0,13.0,18104.0,1.0
build,nearly_sorted,red_black_tree,500,7,500.0,15333.0,15146.0,15396.0,30.666,30.292,30.792,15.0,15.0,15.0,36104.0,1.0
build,nearly_sorted,red_black_tree,1000,7,1000.0,22083.0,22021.0,22958.0,22.083,22.021,22.958,17.0,17.0,17.0,72104.0,1.0
build,nearly_sorted,red_black_tree,2000,7,2000.0,48958.0,48375.5,50438.0,24.479,24.18775,25.219,19.0,19.0,19.0,144104.0,1.0
build,nearly_sorted,red_black_tree,4000,7,4000.0,89291.0,88458.5,90313.0,22.32275,22.114625,22.57825,21.0,21.0,21.0,288104.0,1.0
build,nearly_sorted,red_black_tree,8000,7,8000.0,204416.0,193708.5,205458.0,25.552,24.213562500000002,25.68225,23.0,23.0,23.0,576104.0,1.0
build,nearly_sorted,sorted_vector,250,7,250.0,7167.0,7041.5,7479.0,28.668,28.166,29.916,,,,16022.0,1.5871354820706014
build,nearly_sorted,sorted_vector,500,7,500.0,11584.0,11479.0,11812.0,23.168,22.958,23.624000000000002,,,,32012.0,1.323636049723757
build,nearly_sorted,sorted_vector,1000,7,1000.0,18459.0,18354.0,18854.0,18.459,18.354,18.854,,,,63992.0,1.1963269949618072
build,nearly_sorted,sorted_vector,2000,7,2000.0,42750.0,41146.5,43000.0,21.375,20.57325,21.5,,,,127952.0,1.1452163742690058
build,nearly_sorted,sorted_vector,4000,7,4000.0,88667.0,88416.5,89041.5,22.16675,22.104125,22.260375,,,,255872.0,1.0070375675279415
build,nearly_sorted,sorted_vector,8000,7,8000.0,217500.0,199937.5,218958.5,27.1875,24.9921875,27.369812500000002,,,,511712.0,0.9398436781609195
build,random,ordinary_bst,250,7,250.0,10125.0,9854.0,20083.0,40.5,39.416,80.332,18.0,16.0,18.0,16024.0,1.218074074074074
build,random,ordinary_bst,500,7,500.0,30291.0,29729.0,30541.5,60.582,59.458,61.083,18.0,17.0,19.0,32024.0,1.23663794526427
build,random,ordinary_bst,1000,7,1000.0,45625.0,45229.0,46125.0,45.625,45.229,46.125,21.0,21.0,22.5,64024.0,1.2794520547945205
build,random,ordinary_bst,2000,7,2000.0,93958.0,92229.5,100812.5,46.979,46.11475,50.40625,25.0,24.0,26.0,128024.0,1.3583196747482917
build,random,ordinary_bst,4000,7,4000.0,219250.0,217417.0,224104.0,54.8125,54.35425,56.025999999999996,28.0,27.0,30.0,256024.0,1.2345131128848346
build,random,ordinary_bst,8000,7,8000.0,512959.0,502729.5,522583.0,64.119875,62.841187500000004,65.32287500000001,30.0,29.5,33.0,512024.0,1.1614787926520445
build,random,red_black_tree,250,7,250.0,12333.0,12145.5,25583.5,49.332,48.582,102.334,10.0,10.0,10.0,18104.0,1.0
build,random,red_black_tree,500,7,500.0,37459.0,37146.5,37646.0,74.918,74.293,75.292,11.0,11.0,11.0,36104.0,1.0
build,random,red_black_tree,1000,7,1000.0,58375.0,57958.0,59354.0,58.375,57.958,59.354,12.0,12.0,12.0,72104.0,1.0
build,random,red_black_tree,2000,7,2000.0,127625.0,118396.0,129541.5,63.8125,59.198,64.77074999999999,13.0,13.0,14.0,144104.0,1.0
build,random,red_black_tree,4000,7,4000.0,270667.0,269604.5,271771.0,67.66675,67.40112500000001,67.94274999999999,15.0,15.0,15.0,288104.0,1.0
build,random,red_black_tree,8000,7,8000.0,595791.0,592291.5,623792.0,74.473875,74.0364375,77.974,16.0,16.0,16.0,576104.0,1.0
build,random,sorted_vector,250,7,250.0,18250.0,17937.5,37916.5,73.0,71.75,151.666,,,,16022.0,0.6757808219178082
build,random,sorted_vector,500,7,500.0,93667.0,93208.5,94854.0,187.334,186.417,189.708,,,,32012.0,0.39991672627499547
build,random,sorted_vector,1000,7,1000.0,248167.0,245937.5,249770.5,248.167,245.9375,249.7705,,,,63992.0,0.2352246672603529
build,random,sorted_vector,2000,7,2000.0,852709.0,836083.5,866729.5,426.3545,418.04175,433.36475,,,,127952.0,0.14967005156507085
build,random,sorted_vector,4000,7,4000.0,3230125.0,3187166.5,3234354.0,807.53125,796.7916250000001,808.5885000000001,,,,255872.0,0.08379458999264734
build,random,sorted_vector,8000,7,8000.0,13547625.0,13306917.0,13623208.5,1693.453125,1663.364625,1702.9010625,,,,511712.0,0.043977523735710136
build,sorted,ordinary_bst,250,7,250.0,26542.0,26208.5,37020.5,106.168,104.834,148.082,250.0,250.0,250.0,16024.0,0.1946725943787205
build,sorted,ordinary_bst,500,7,500.0,165458.0,165146.0,183000.0,330.916,330.29200000000003,366.0,500.0,500.0,500.0,32024.0,0.09468263849436111
build,sorted,ordinary_bst,1000,7,1000.0,485333.0,476103.5,487875.0,485.333,476.1035,487.875,1000.0,1000.0,1000.0,64024.0,0.052627783398202885
build,sorted,ordinary_bst,2000,7,2000.0,1555208.0,1543083.5,1560354.0,777.604,771.5417500000001,780.177,2000.0,2000.0,2000.0,128024.0,0.0288816672753741
build,sorted,ordinary_bst,4000,7,4000.0,20975167.0,20214270.5,22000208.0,5243.79175,5053.567625,5500.052,4000.0,4000.0,4000.0,256024.0,0.005331685797781729
build,sorted,ordinary_bst,8000,7,8000.0,64098375.0,58452688.0,66457729.0,8012.296875,7306.586,8307.216124999999,8000.0,8000.0,8000.0,512024.0,0.0030935573639737355
build,sorted,red_black_tree,250,7,250.0,5167.0,5041.5,5958.5,20.668,20.166,23.834,13.0,13.0,13.0,18104.0,1.0
build,sorted,red_black_tree,500,7,500.0,15666.0,15583.5,17562.5,31.332,31.167,35.125,15.0,15.0,15.0,36104.0,1.0
build,sorted,red_black_tree,1000,7,1000.0,25542.0,25396.5,26020.5,25.542,25.3965,26.0205,17.0,17.0,17.0,72104.0,1.0
build,sorted,red_black_tree,2000,7,2000.0,44917.0,44166.5,48646.0,22.4585,22.08325,24.323,19.0,19.0,19.0,144104.0,1.0
build,sorted,red_black_tree,4000,7,4000.0,111833.0,88625.0,113771.0,27.95825,22.15625,28.44275,21.0,21.0,21.0,288104.0,1.0
build,sorted,red_black_tree,8000,7,8000.0,198292.0,191083.5,200125.5,24.7865,23.885437500000002,25.0156875,23.0,23.0,23.0,576104.0,1.0
build,sorted,sorted_vector,250,7,250.0,3250.0,3062.5,3896.5,13.0,12.25,15.585999999999999,,,,16022.0,1.5898461538461537
build,sorted,sorted_vector,500,7,500.0,11833.0,11666.5,12458.0,23.666,23.333,24.916,,,,32012.0,1.3239246175948618
build,sorted,sorted_vector,1000,7,1000.0,20416.0,20187.5,20604.0,20.416,20.1875,20.604,,,,63992.0,1.2510775862068966
build,sorted,sorted_vector,2000,7,2000.0,36833.0,36583.0,36979.0,18.4165,18.2915,18.4895,,,,127952.0,1.2194770993402657
build,sorted,sorted_vector,4000,7,4000.0,84375.0,84250.5,84563.0,21.09375,21.062625,21.14075,,,,255872.0,1.325428148148148
build,sorted,sorted_vector,8000,7,8000.0,200167.0,191916.5,207063.0,25.020875,23.989562499999998,25.882875,,,,511712.0,0.990632821593969
lookup,nearly_sorted,ordinary_bst,250,7,250.0,50041.0,49541.5,50166.5,200.164,198.166,200.666,238.0,238.0,239.0,16024.0,0.27227673307887534
lookup,nearly_sorted,ordinary_bst,500,7,500.0,129541.0,129229.5,130354.0,259.082,258.459,260.70799999999997,476.0,475.0,477.0,32024.0,0.1547077759165052
lookup,nearly_sorted,ordinary_bst,1000,7,1000.0,385583.0,385417.0,386979.5,385.583,385.41700000000003,386.9795,952.0,951.5,953.0,64024.0,0.08839341983438065
lookup,nearly_sorted,ordinary_bst,2000,7,2000.0,1434209.0,1431854.5,1454313.0,717.1045,715.92725,727.1565,1905.0,1903.5,1906.0,128024.0,0.05909180600595868
lookup,nearly_sorted,ordinary_bst,4000,7,4000.0,21853583.0,20554395.5,22910959.0,5463.39575,5138.598875,5727.73975,3815.0,3811.5,3816.5,256024.0,0.009367251127652614
lookup,nearly_sorted,ordinary_bst,8000,7,8000.0,80220459.0,78605687.0,84077583.5,10027.557375,9825.710875,10509.697937500001,7628.0,7625.0,7628.5,512024.0,0.006137773407654025
lookup,nearly_sorted,red_black_tree,250,7,250.0,13625.0,13562.5,13875.0,54.5,54.25,55.5,13.0,13.0,13.0,18104.0,1.0
lookup,nearly_sorted,red_black_tree,500,7,500.0,20041.0,19812.5,20437.0,40.082,39.625,40.873999999999995,15.0,15.0,15.0,36104.0,1.0
lookup,nearly_sorted,red_black_tree,1000,7,1000.0,34083.0,32895.5,34708.5,34.083,32.8955,34.7085,17.0,17.0,17.0,72104.0,1.0
lookup,nearly_sorted,red_black_tree,2000,7,2000.0,84750.0,81625.0,85042.0,42.375,40.8125,42.521,19.0,19.0,19.0,144104.0,1.0
lookup,nearly_sorted,red_black_tree,4000,7,4000.0,204708.0,199812.5,210166.5,51.177,49.953125,52.541624999999996,21.0,21.0,21.0,288104.0,1.0
lookup,nearly_sorted,red_black_tree,8000,7,8000.0,492375.0,473667.0,505750.0,61.546875,59.208375,63.21875,23.0,23.0,23.0,576104.0,1.0
lookup,nearly_sorted,sorted_vector,250,7,250.0,11917.0,11917.0,12208.5,47.668,47.668,48.834,,,,16022.0,1.14332466224721
lookup,nearly_sorted,sorted_vector,500,7,500.0,18333.0,18166.5,18396.5,36.666,36.333,36.793,,,,32012.0,1.0931653302787325
lookup,nearly_sorted,sorted_vector,1000,7,1000.0,31209.0,30895.5,31395.5,31.209,30.8955,31.3955,,,,63992.0,1.0920888205325388
lookup,nearly_sorted,sorted_vector,2000,7,2000.0,70250.0,65521.0,71104.0,35.125,32.7605,35.552,,,,127952.0,1.206405693950178
lookup,nearly_sorted,sorted_vector,4000,7,4000.0,151458.0,150562.5,151999.5,37.8645,37.640625,37.999875,,,,255872.0,1.3515826169631184
lookup,nearly_sorted,sorted_vector,8000,7,8000.0,372625.0,363021.0,387916.5,46.578125,45.377624999999995,48.489562500000005,,,,511712.0,1.3213686682321368
lookup,random,ordinary_bst,250,7,250.0,14958.0,14583.5,15437.5,59.832,58.334,61.75,17.0,15.0,18.5,16024.0,0.9665730712662121
lookup,random,ordinary_bst,500,7,500.0,23917.0,23625.0,24354.0,47.834,47.25,48.708,19.0,18.0,21.0,32024.0,0.9721118869423422
lookup,random,ordinary_bst,1000,7,1000.0,39875.0,38999.5,40145.5,39.875,38.9995,40.1455,22.0,21.5,22.0,64024.0,0.9101442006269593
lookup,random,ordinary_bst,2000,7,2000.0,79917.0,79354.0,80354.5,39.9585,39.677,40.17725,24.0,23.5,25.5,128024.0,0.9994744547467997
lookup,random,ordinary_bst,4000,7,4000.0,208125.0,204958.0,215458.5,52.03125,51.2395,53.864625000000004,27.0,26.5,29.0,256024.0,0.9927927927927928
lookup,random,ordinary_bst,8000,7,8000.0,507000.0,503520.5,509562.0,63.375,62.9400625,63.69525,30.0,30.0,30.5,512024.0,0.9752623274161736
lookup,random,red_black_tree,250,7,250.0,14458.0,14333.5,14583.0,57.832,57.334,58.332,10.0,10.0,10.0,18104.0,1.0
lookup,random,red_black_tree,500,7,500.0,23250.0,23208.0,23312.0,46.5,46.416,46.623999999999995,11.0,11.0,11.0,36104.0,1.0
lookup,random,red_black_tree,1000,7,1000.0,36292.0,36166.0,36666.5,36.292,36.166,36.6665,12.0,12.0,13.0,72104.0,1.0
lookup,random,red_black_tree,2000,7,2000.0,79875.0,77083.5,85062.5,39.9375,38.54175,42.53125,13.0,13.0,13.5,144104.0,1.0
lookup,random,red_black_tree,4000,7,4000.0,206625.0,204604.5,210270.5,51.65625,51.151125,52.567625,14.0,14.0,15.0,288104.0,1.0
lookup,random,red_black_tree,8000,7,8000.0,494458.0,488729.5,510333.0,61.80725,61.091187500000004,63.791625,16.0,16.0,16.0,576104.0,1.0
lookup,random,sorted_vector,250,7,250.0,11916.0,11791.5,12395.5,47.664,47.166,49.582,,,,16022.0,1.2133266196710306
lookup,random,sorted_vector,500,7,500.0,19875.0,19687.5,20000.0,39.75,39.375,40.0,,,,32012.0,1.169811320754717
lookup,random,sorted_vector,1000,7,1000.0,32333.0,31625.0,32604.5,32.333,31.625,32.6045,,,,63992.0,1.122444561284137
lookup,random,sorted_vector,2000,7,2000.0,69500.0,66187.0,69812.5,34.75,33.0935,34.90625,,,,127952.0,1.1492805755395683
lookup,random,sorted_vector,4000,7,4000.0,159208.0,151125.0,160521.0,39.802,37.78125,40.130250000000004,,,,255872.0,1.2978305110295965
lookup,random,sorted_vector,8000,7,8000.0,391458.0,387458.5,397666.5,48.93225,48.432312499999995,49.708312500000005,,,,511712.0,1.2631189041991733
lookup,sorted,ordinary_bst,250,7,250.0,18209.0,17979.5,20229.5,72.836,71.918,80.918,250.0,250.0,250.0,16024.0,0.5102421879290461
lookup,sorted,ordinary_bst,500,7,500.0,160250.0,159542.0,160312.5,320.5,319.084,320.625,500.0,500.0,500.0,32024.0,0.15054602184087362
lookup,sorted,ordinary_bst,1000,7,1000.0,441208.0,440917.0,442666.5,441.208,440.917,442.66650000000004,1000.0,1000.0,1000.0,64024.0,0.0851820456564704
lookup,sorted,ordinary_bst,2000,7,2000.0,1516791.0,1513292.0,1532708.0,758.3955,756.646,766.354,2000.0,2000.0,2000.0,128024.0,0.05526997457131536
lookup,sorted,ordinary_bst,4000,7,4000.0,21647791.0,19315187.0,23311916.5,5411.94775,4828.7967499999995,5827.979125,4000.0,4000.0,4000.0,256024.0,0.009529471159436082
lookup,sorted,ordinary_bst,8000,7,8000.0,89440791.0,81383833.0,95749354.0,11180.098875,10172.979125,11968.669249999999,8000.0,8000.0,8000.0,512024.0,0.005917792028471663
lookup,sorted,red_black_tree,250,7,250.0,9291.0,7645.5,12646.0,37.164,30.582,50.584,13.0,13.0,13.0,18104.0,1.0
lookup,sorted,red_black_tree,500,7,500.0,24125.0,23895.5,24666.5,48.25,47.791,49.333,15.0,15.0,15.0,36104.0,1.0
lookup,sorted,red_black_tree,1000,7,1000.0,37583.0,37417.0,39438.0,37.583,37.417,39.438,17.0,17.0,17.0,72104.0,1.0
lookup,sorted,red_black_tree,2000,7,2000.0,83833.0,83208.5,84375.0,41.9165,41.60425,42.1875,19.0,19.0,19.0,144104.0,1.0
lookup,sorted,red_black_tree,4000,7,4000.0,206292.0,205812.5,206937.5,51.573,51.453125,51.734375,21.0,21.0,21.0,288104.0,1.0
lookup,sorted,red_black_tree,8000,7,8000.0,529292.0,502833.5,538958.5,66.1615,62.8541875,67.3698125,23.0,23.0,23.0,576104.0,1.0
lookup,sorted,sorted_vector,250,7,250.0,7833.0,5792.0,11083.5,31.332,23.168,44.334,,,,16022.0,1.186135580237457
lookup,sorted,sorted_vector,500,7,500.0,21958.0,21750.0,22125.5,43.916,43.5,44.251000000000005,,,,32012.0,1.09868840513708
lookup,sorted,sorted_vector,1000,7,1000.0,33958.0,33812.5,34291.5,33.958,33.8125,34.2915,,,,63992.0,1.10674951410566
lookup,sorted,sorted_vector,2000,7,2000.0,69959.0,67021.5,70708.5,34.9795,33.51075,35.35425,,,,127952.0,1.198316156606012
lookup,sorted,sorted_vector,4000,7,4000.0,148625.0,148458.5,151166.5,37.15625,37.114625000000004,37.791624999999996,,,,255872.0,1.3880033641715728
lookup,sorted,sorted_vector,8000,7,8000.0,373708.0,370271.0,376500.0,46.7135,46.283874999999995,47.0625,,,,511712.0,1.4163250452224732
read_heavy,random,ordinary_bst,250,7,500.0,21625.0,20875.0,22000.0,43.25,41.75,44.0,50.0,48.5,54.0,16024.0,0.9460809248554913
read_heavy,random,ordinary_bst,500,7,1000.0,38625.0,38292.0,39229.0,38.625,38.292,39.229,99.0,97.5,100.0,32024.0,0.8489838187702266
read_heavy,random,ordinary_bst,1000,7,2000.0,70334.0,68792.0,71041.5,35.167,34.396,35.52075,191.0,187.0,192.5,64024.0,0.7375522506895669
read_heavy,random,ordinary_bst,2000,7,4000.0,196750.0,192833.0,202167.0,49.1875,48.20825,50.54175,373.0,367.5,373.0,128024.0,0.5929707750952986
read_heavy,random,ordinary_bst,4000,7,8000.0,602792.0,591708.0,615124.5,75.349,73.96350000000001,76.8905625,730.0,727.5,733.0,256024.0,0.4654043185709166
read_heavy,random,ordinary_bst,8000,7,16000.0,2249167.0,2211271.0,2264375.0,140.572937,138.20443749999998,141.5234375,1458.0,1452.5,1463.5,512024.0,0.2940533141169271
read_heavy,random,red_black_tree,250,7,500.0,20459.0,20333.5,21062.5,40.918,40.667,42.125,11.0,10.5,11.0,18104.0,1.0
read_heavy,random,red_black_tree,500,7,1000.0,32792.0,32270.5,33604.5,32.792,32.2705,33.6045,12.0,12.0,12.0,36104.0,1.0
read_heavy,random,red_black_tree,1000,7,2000.0,51875.0,51250.0,53271.0,25.9375,25.625,26.6355,14.0,13.5,14.0,72104.0,1.0
read_heavy,random,red_black_tree,2000,7,4000.0,116667.0,115708.0,119625.0,29.16675,28.927,29.90625,15.0,15.0,15.0,144104.0,1.0
read_heavy,random,red_black_tree,4000,7,8000.0,280542.0,279521.0,284250.0,35.06775,34.940124999999995,35.53125,16.0,16.0,17.0,288104.0,1.0
read_heavy,random,red_black_tree,8000,7,16000.0,661375.0,620896.0,662354.5,41.335938,38.806,41.397156499999994,17.0,17.0,18.0,576104.0,1.0
read_heavy,random,sorted_vector,250,7,500.0,31167.0,30791.5,31770.5,62.334,61.583,63.541,,,,16022.0,0.656431482016235
read_heavy,random,sorted_vector,500,7,1000.0,63917.0,60562.5,66208.5,63.917,60.5625,66.2085,,,,32012.0,0.5130403492028724
read_heavy,random,sorted_vector,1000,7,2000.0,135167.0,133604.5,137125.0,67.5835,66.80225,68.5625,,,,63992.0,0.3837845036140478
read_heavy,random,sorted_vector,2000,7,4000.0,450208.0,437250.0,455583.5,112.552,109.3125,113.89587499999999,,,,127952.0,0.2591402196318146
read_heavy,random,sorted_vector,4000,7,8000.0,1554125.0,1532812.5,1562854.5,194.265625,191.6015625,195.3568125,,,,255872.0,0.18051443738438025
read_heavy,random,sorted_vector,8000,7,16000.0,6300334.0,6180166.5,6322729.0,393.770875,386.2604065,395.1705625,,,,511712.0,0.10497459468021854
update_heavy,random,ordinary_bst,250,7,500.0,64250.0,38896.0,67479.5,128.5,77.792,134.959,144.0,142.0,146.0,16024.0,0.3086848249027237
update_heavy,random,ordinary_bst,500,7,1000.0,154416.0,153166.5,158875.0,154.416,153.16649999999998,158.875,278.0,275.0,282.0,32024.0,0.32380064242047457
update_heavy,random,ordinary_bst,1000,7,2000.0,405417.0,399291.5,419229.0,202.7085,199.64575,209.6145,557.0,557.0,559.5,64024.0,0.20174783001206167
update_heavy,random,ordinary_bst,2000,7,4000.0,1529792.0,1512354.0,1558291.5,382.448,378.08849999999995,389.572875,1103.0,1097.0,1117.0,128024.0,0.12872142095134503
update_heavy,random,ordinary_bst,4000,7,8000.0,8801250.0,8707770.5,9121041.5,1100.15625,1088.4713125,1140.1301875,2218.0,2192.0,2225.5,256024.0,0.048406987643800595
update_heavy,random,ordinary_bst,8000,7,16000.0,84961792.0,79718250.5,86355771.0,5310.112,4982.3906565,5397.2356875000005,4391.0,4384.5,4405.5,512024.0,0.011478206486040218
update_heavy,random,red_black_tree,250,7,500.0,19833.0,19604.0,27750.0,39.666,39.208,55.5,12.0,11.0,12.0,18104.0,1.0
update_heavy,random,red_black_tree,500,7,1000.0,50000.0,48729.5,50354.5,50.0,48.7295,50.3545,14.0,13.0,14.0,36104.0,1.0
update_heavy,random,red_black_tree,1000,7,2000.0,81792.0,80687.5,84250.0,40.896,40.34375,42.125,15.0,14.0,15.0,72104.0,1.0
update_heavy,random,red_black_tree,2000,7,4000.0,196917.0,193104.0,204854.0,49.22925,48.275999999999996,51.213499999999996,16.0,16.0,16.5,144104.0,1.0
update_heavy,random,red_black_tree,4000,7,8000.0,426042.0,423542.0,444375.0,53.25525,52.94275,55.546875,18.0,17.0,18.0,288104.0,1.0
update_heavy,random,red_black_tree,8000,7,16000.0,975209.0,961041.5,997666.5,60.950562,60.0650935,62.3541565,19.0,19.0,20.0,576104.0,1.0
update_heavy,random,sorted_vector,250,7,500.0,34208.0,32813.0,47042.0,68.416,65.626,94.084,,,,26262.0,0.5797766604303087
update_heavy,random,sorted_vector,500,7,1000.0,133625.0,132521.0,136375.5,133.625,132.52100000000002,136.3755,,,,52492.0,0.37418147801683815
update_heavy,random,sorted_vector,1000,7,2000.0,372583.0,367354.5,374229.0,186.2915,183.67725,187.11450000000002,,,,104952.0,0.21952692420212408
update_heavy,random,sorted_vector,2000,7,4000.0,1366541.0,1351291.5,1389479.5,341.63525,337.822875,347.369875,,,,127952.0,0.14409885982198853
update_heavy,random,sorted_vector,4000,7,8000.0,5308625.0,5256104.0,5353416.5,663.578125,657.013,669.1770624999999,,,,255872.0,0.08025467988415079
update_heavy,random,sorted_vector,8000,7,16000.0,22420334.0,22124792.0,22515625.5,1401.270875,1382.7995,1407.226594,,,,511712.0,0.043496630870887114
